Dota_2,(v.redd.it),(i.redd.it),(twitter.com),(self.DotA2),(twoghub.com),(i.imgur.com),(gfycat.com),(reddit.com),(blog.dota2.com),(cdna.artstation.com),(dotabuff.com),(dota2.com),
WoW,(i.redd.it),(v.redd.it),(youtu.be),(darklegacycomics.com),(gfycat.com),(i.imgur.com),(self.wow),(wowhead.com),(us.forums.blizzard.com),(imgur.com),
HS,(i.imgur.com),(i.redd.it),(self.hearthstone),(youtu.be),(v.redd.it),(youtube.com),(hearthcards.ams3.digitaloceanspaces.com),(us.forums.blizzard.com),(invenglobal.com),(playhearthstone.com),(imgur.com),(reddit.com),
CSGO,(i.redd.it),(v.redd.it),(i.imgur.com),(clips.twitch.tv),(twitter.com),(imgur.com),(youtube.com),(translate.google.com),(gfycat.com),(self.GlobalOffensive),(theclutch.com.br),(steamcommunity.com),(streamable.com),(blog.scope.gg),(reddit.com),(counter-strike.net),(youtu.be),
Overwatch,(i.redd.it),(gfycat.com),(v.redd.it),(i.imgur.com),
Fortnite,(i.redd.it),(v.redd.it),(reddit.com),
R6,(reddit.com),(v.redd.it),(i.imgur.com),(i.redd.it),(i.reddit.it),(imgur.com),
PUBG,(v.redd.it),(youtu.be),(twitter.com),(self.PUBATTLEGROUNDS),(pubg.com),(clips.twitch.tv),(i.redd.it),(youtube.com),(i.imgur.com),(reddit.com),(twitch.tv),(streamable.com),(polygon.com),(gamesindustry.biz),
CoDMW,(v.redd.it),(self.modernwarfare),(i.redd.it),(streamable.com),(reddit.com),(gfycat.com),
Apex,(v.redd.it),(i.redd.it),(i.imgur.com),
